Player,Country,Pos,Birthday,Age,Caps,Club,Club Country,year
Essam El-Hadary,egypt,GK,1973-01-15,45,158,Al-Taawoun,saudi arabia,2018
Ali Gabr,egypt,DF,1989-01-01,29,21,West Bromwich Albion,england,2018
Ahmed Elmohamady,egypt,DF,1987-09-09,30,78,Aston Villa,england,2018
Omar Gaber,egypt,MF,1992-01-30,26,24,Los Angeles FC,usa,2018
Sam Morsy,egypt,MF,1991-09-10,26,5,Wigan Athletic,england,2018
Ahmed Hegazi,egypt,DF,1991-01-25,27,45,West Bromwich Albion,england,2018
Ahmed Fathy,egypt,DF,1984-11-10,33,126,Al Ahly,egypt,2018
Tarek Hamed,egypt,MF,1988-10-24,29,21,Zamalek,egypt,2018
Marwan Mohsen,egypt,FW,1989-02-26,29,24,Al Ahly,egypt,2018
Mohamed Salah,egypt,FW,1992-06-15,25,57,Liverpool,england,2018
Kahraba,egypt,FW,1994-04-13,24,19,Al-Ittihad,saudi arabia,2018
Ayman Ashraf,egypt,DF,1991-04-09,27,4,Al Ahly,egypt,2018
Mohamed Abdel-Shafy,egypt,DF,1985-07-01,32,51,Al-Fateh,saudi arabia,2018
Ramadan Sobhi,egypt,FW,1997-01-23,21,23,Stoke City,england,2018
Mahmoud Hamdy,egypt,DF,1995-06-01,23,0,Zamalek,egypt,2018
Sherif Ekramy,egypt,GK,1983-07-10,34,22,Al Ahly,egypt,2018
Mohamed Elneny,egypt,MF,1992-07-11,25,61,Arsenal,england,2018
Shikabala,egypt,FW,1986-03-05,32,29,Al-Raed,saudi arabia,2018
Abdallah Said,egypt,MF,1985-07-13,32,36,KuPS,finland,2018
Saad Samir,egypt,DF,1989-04-01,29,11,Al Ahly,egypt,2018
Trézéguet,egypt,MF,1994-10-01,23,24,Kasımpaşa,turkey,2018
Amr Warda,egypt,FW,1993-09-17,24,16,Atromitos,greece,2018
Mohamed El-Shenawy,egypt,GK,1988-12-18,29,3,Al Ahly,egypt,2018
Igor Akinfeev,russia,GK,1986-04-08,32,106,CSKA Moscow,russia,2018
Mário Fernandes,russia,DF,1990-09-19,27,5,CSKA Moscow,russia,2018
Ilya Kutepov,russia,DF,1993-07-29,24,7,Spartak Moscow,russia,2018
Sergei Ignashevich,russia,DF,1979-07-14,38,122,CSKA Moscow,russia,2018
Andrei Semyonov,russia,DF,1989-03-24,29,6,Akhmat Grozny,russia,2018
Denis Cheryshev,russia,MF,1990-12-26,27,11,Villarreal,spain,2018
Daler Kuzyayev,russia,MF,1993-01-15,25,6,Zenit Saint Petersburg,russia,2018
Yury Gazinsky,russia,MF,1989-07-20,28,6,Krasnodar,russia,2018
Alan Dzagoev,russia,MF,1990-06-17,27,57,CSKA Moscow,russia,2018
Fyodor Smolov,russia,FW,1990-02-09,28,32,Krasnodar,russia,2018
Roman Zobnin,russia,MF,1994-02-11,24,12,Spartak Moscow,russia,2018
Andrey Lunyov,russia,GK,1991-11-13,26,3,Zenit Saint Petersburg,russia,2018
Fyodor Kudryashov,russia,DF,1987-04-05,31,19,Rubin Kazan,russia,2018
Vladimir Granat,russia,DF,1987-05-22,31,12,Rubin Kazan,russia,2018
Aleksei Miranchuk,russia,MF,1995-10-17,22,18,Lokomotiv Moscow,russia,2018
Anton Miranchuk,russia,MF,1995-10-17,22,6,Lokomotiv Moscow,russia,2018
Aleksandr Golovin,russia,MF,1996-05-30,22,19,CSKA Moscow,russia,2018
Yuri Zhirkov,russia,MF,1983-08-20,34,84,Zenit Saint Petersburg,russia,2018
Aleksandr Samedov,russia,MF,1984-07-19,33,48,Spartak Moscow,russia,2018
Vladimir Gabulov,russia,GK,1983-10-19,34,10,Club Brugge,belgium,2018
Aleksandr Yerokhin,russia,MF,1989-10-13,28,17,Zenit Saint Petersburg,russia,2018
Artem Dzyuba,russia,FW,1988-08-22,29,23,Arsenal Tula,russia,2018
Igor Smolnikov,russia,DF,1988-08-08,29,27,Zenit Saint Petersburg,russia,2018
Abdullah Al-Mayouf,saudi arabia,GK,1987-01-23,31,11,Al-Hilal,saudi arabia,2018
Mansoor Al-Harbi,saudi arabia,DF,1987-10-19,30,40,Al-Ahli,saudi arabia,2018
Osama Hawsawi,saudi arabia,DF,1984-03-31,34,135,Al-Hilal,saudi arabia,2018
Ali Al-Bulaihi,saudi arabia,DF,1989-11-21,28,4,Al-Hilal,saudi arabia,2018
Omar Hawsawi,saudi arabia,DF,1985-09-27,32,42,Al-Nassr,saudi arabia,2018
Mohammed Al-Breik,saudi arabia,DF,1992-09-15,25,11,Al-Hilal,saudi arabia,2018
Salman Al-Faraj,saudi arabia,MF,1989-08-01,28,43,Al-Hilal,saudi arabia,2018
Yahya Al-Shehri,saudi arabia,MF,1990-06-26,27,57,Leganés,spain,2018
Hattan Bahebri,saudi arabia,MF,1992-07-16,25,5,Al-Shabab,saudi arabia,2018
Mohammad Al-Sahlawi,saudi arabia,FW,1987-01-10,31,40,Al-Nassr,saudi arabia,2018
Abdulmalek Al-Khaibri,saudi arabia,MF,1986-03-13,32,36,Al-Hilal,saudi arabia,2018
Mohamed Kanno,saudi arabia,MF,1994-09-22,23,6,Al-Hilal,saudi arabia,2018
Yasser Al-Shahrani,saudi arabia,DF,1992-05-25,26,37,Al-Hilal,saudi arabia,2018
Abdullah Otayf,saudi arabia,MF,1992-08-03,25,16,Al-Hilal,saudi arabia,2018
Abdullah Al-Khaibari,saudi arabia,MF,1996-08-16,21,5,Al-Shabab,saudi arabia,2018
Housain Al-Mogahwi,saudi arabia,MF,1988-03-24,30,18,Al-Ahli,saudi arabia,2018
Taisir Al-Jassim,saudi arabia,MF,1984-07-25,33,132,Al-Ahli,saudi arabia,2018
Salem Al-Dawsari,saudi arabia,MF,1991-08-19,26,33,Villarreal,spain,2018
Fahad Al-Muwallad,saudi arabia,FW,1994-09-14,23,45,Levante,spain,2018
Muhannad Assiri,saudi arabia,FW,1986-10-14,31,18,Al-Ahli,saudi arabia,2018
Yasser Al-Mosailem,saudi arabia,GK,1984-02-27,34,32,Al-Ahli,saudi arabia,2018
Mohammed Al-Owais,saudi arabia,GK,1991-10-10,26,6,Al-Ahli,saudi arabia,2018
Motaz Hawsawi,saudi arabia,DF,1992-02-17,26,17,Al-Ahli,saudi arabia,2018
Fernando Muslera,uruguay,GK,1986-06-16,31,97,Galatasaray,turkey,2018
José Giménez,uruguay,DF,1995-01-20,23,42,Atlético Madrid,spain,2018
Diego Godín,uruguay,DF,1986-02-16,32,116,Atlético Madrid,spain,2018
Guillermo Varela,uruguay,DF,1993-03-24,25,3,Peñarol,uruguay,2018
Carlos Sánchez,uruguay,MF,1984-12-02,33,36,Monterrey,mexico,2018
Rodrigo Bentancur,uruguay,MF,1997-06-25,20,7,Juventus,italy,2018
Cristian Rodríguez,uruguay,MF,1985-09-30,32,105,Peñarol,uruguay,2018
Nahitan Nández,uruguay,MF,1995-12-28,22,12,Boca Juniors,argentina,2018
Luis Suárez,uruguay,FW,1987-01-24,31,98,Barcelona,spain,2018
Giorgian De Arrascaeta,uruguay,FW,1994-06-01,24,14,Cruzeiro,brazil,2018
Cristhian Stuani,uruguay,FW,1986-10-12,31,41,Girona,spain,2018
Martín Campaña,uruguay,GK,1989-05-29,29,1,Independiente,argentina,2018
Gastón Silva,uruguay,DF,1994-03-05,24,17,Independiente,argentina,2018
Lucas Torreira,uruguay,MF,1996-02-11,22,3,Sampdoria,italy,2018
Matías Vecino,uruguay,MF,1991-08-24,26,22,Inter Milan,italy,2018
Maxi Pereira,uruguay,DF,1984-06-08,34,125,Porto,portugal,2018
Diego Laxalt,uruguay,MF,1993-02-07,25,6,Genoa,italy,2018
Maxi Gómez,uruguay,FW,1996-08-14,21,5,Celta Vigo,spain,2018
Sebastián Coates,uruguay,DF,1990-10-07,27,30,Sporting CP,portugal,2018
Jonathan Urretaviscaya,uruguay,FW,1990-03-19,28,4,Monterrey,mexico,2018
Edinson Cavani,uruguay,FW,1987-02-14,31,101,Paris Saint-Germain,france,2018
Martín Cáceres,uruguay,DF,1987-04-07,31,76,Lazio,italy,2018
Martín Silva,uruguay,GK,1983-03-25,35,11,Vasco da Gama,brazil,2018
Alireza Beiranvand,ir iran,GK,1992-09-21,25,22,Persepolis,ir iran,2018
Mehdi Torabi,ir iran,MF,1994-09-10,23,17,Saipa,ir iran,2018
Ehsan Hajsafi,ir iran,DF,1990-02-25,28,94,Olympiacos,greece,2018
Rouzbeh Cheshmi,ir iran,DF,1993-07-24,24,10,Esteghlal,ir iran,2018
Milad Mohammadi,ir iran,DF,1993-09-29,24,19,Akhmat Grozny,russia,2018
Saeid Ezatolahi,ir iran,MF,1996-10-01,21,25,Amkar Perm,russia,2018
Masoud Shojaei,ir iran,MF,1984-06-09,34,74,AEK Athens,greece,2018
Morteza Pouraliganji,ir iran,DF,1992-04-19,26,27,Al-Sadd,qatar,2018
Omid Ebrahimi,ir iran,MF,1987-09-16,30,30,Esteghlal,ir iran,2018
Karim Ansarifard,ir iran,FW,1990-04-03,28,64,Olympiacos,greece,2018
Vahid Amiri,ir iran,MF,1988-04-02,30,36,Persepolis,ir iran,2018
Mohammad Rashid Mazaheri,ir iran,GK,1989-05-18,29,3,Zob Ahan,ir iran,2018
Mohammad Reza Khanzadeh,ir iran,DF,1991-05-11,27,11,Padideh,ir iran,2018
Saman Ghoddos,ir iran,FW,1993-09-06,24,8,Östersund,sweden,2018
Pejman Montazeri,ir iran,DF,1983-09-06,34,46,Esteghlal,ir iran,2018
Reza Ghoochannejhad,ir iran,FW,1987-09-20,30,43,Heerenveen,netherlands,2018
Mehdi Taremi,ir iran,FW,1992-07-18,25,26,Al-Gharafa,qatar,2018
Alireza Jahanbakhsh,ir iran,FW,1993-08-11,24,38,AZ,netherlands,2018
Majid Hosseini,ir iran,DF,1996-06-20,21,1,Esteghlal,ir iran,2018
Sardar Azmoun,ir iran,FW,1995-01-01,23,33,Rubin Kazan,russia,2018
Ashkan Dejagah,ir iran,FW,1986-07-05,31,46,Nottingham Forest,england,2018
Amir Abedzadeh,ir iran,GK,1993-04-26,25,1,Marítimo,portugal,2018
Ramin Rezaeian,ir iran,DF,1990-03-21,28,28,Oostende,belgium,2018
Yassine Bounou,morocco,GK,1991-04-05,27,11,Girona,spain,2018
Achraf Hakimi,morocco,DF,1998-11-04,19,10,Real Madrid,spain,2018
Hamza Mendyl,morocco,DF,1997-10-21,20,13,Lille,france,2018
Manuel da Costa,morocco,DF,1986-05-06,32,28,İstanbul Başakşehir,turkey,2018
Medhi Benatia,morocco,DF,1987-04-17,31,57,Juventus,italy,2018
Romain Saïss,morocco,DF,1990-03-26,28,24,Wolverhampton Wanderers,england,2018
Hakim Ziyech,morocco,MF,1993-03-19,25,18,Ajax,netherlands,2018
Karim El Ahmadi,morocco,MF,1985-01-27,33,51,Feyenoord,netherlands,2018
Ayoub El Kaabi,morocco,FW,1993-06-25,24,10,RS Berkane,morocco,2018
Younès Belhanda,morocco,MF,1990-02-25,28,47,Galatasaray,turkey,2018
Fayçal Fajr,morocco,MF,1988-08-01,29,23,Getafe,spain,2018
Munir Mohamedi,morocco,GK,1989-05-10,29,27,Numancia,spain,2018
Khalid Boutaïb,morocco,FW,1987-04-24,31,18,Yeni Malatyaspor,turkey,2018
Mbark Boussoufa,morocco,MF,1984-08-15,33,59,Al-Jazira,united arab emirates,2018
Youssef Aït Bennasser,morocco,MF,1996-07-07,21,14,Caen,france,2018
Nordin Amrabat,morocco,MF,1987-03-31,31,44,Leganés,spain,2018
Nabil Dirar,morocco,DF,1986-02-25,32,34,Fenerbahçe,turkey,2018
Amine Harit,morocco,MF,1997-06-18,20,6,Schalke 04,germany,2018
Youssef En-Nesyri,morocco,FW,1997-06-01,21,16,Málaga,spain,2018
Aziz Bouhaddouz,morocco,FW,1987-03-30,31,15,FC St. Pauli,germany,2018
Sofyan Amrabat,morocco,MF,1996-08-21,21,6,Feyenoord,netherlands,2018
Ahmed Reda Tagnaouti,morocco,GK,1996-04-05,22,2,IR Tanger,morocco,2018
Mehdi Carcela,morocco,MF,1989-07-01,28,20,Standard Liège,belgium,2018
Rui Patrício,portugal,GK,1988-02-15,30,69,Sporting CP,portugal,2018
Bruno Alves,portugal,DF,1981-11-27,36,96,Rangers,scotland,2018
Pepe,portugal,DF,1983-02-26,35,95,Beşiktaş,turkey,2018
Manuel Fernandes,portugal,MF,1986-02-05,32,14,Lokomotiv Moscow,russia,2018
Raphaël Guerreiro,portugal,DF,1993-12-22,24,24,Borussia Dortmund,germany,2018
José Fonte,portugal,DF,1983-12-22,34,31,Dalian Yifang,china pr,2018
Cristiano Ronaldo,portugal,FW,1985-02-05,33,150,Real Madrid,spain,2018
João Moutinho,portugal,MF,1986-09-08,31,110,Monaco,france,2018
André Silva,portugal,FW,1995-11-06,22,23,Milan,italy,2018
João Mário,portugal,MF,1993-01-19,25,36,West Ham United,england,2018
Bernardo Silva,portugal,MF,1994-08-10,23,25,Manchester City,england,2018
Anthony Lopes,portugal,GK,1990-10-01,27,7,Lyon,france,2018
Rúben Dias,portugal,DF,1997-05-14,21,1,Benfica,portugal,2018
William Carvalho,portugal,MF,1992-04-07,26,43,Sporting CP,portugal,2018
Ricardo Pereira,portugal,DF,1993-10-06,24,4,Porto,portugal,2018
Bruno Fernandes,portugal,MF,1994-09-08,23,6,Sporting CP,portugal,2018
Gonçalo Guedes,portugal,FW,1996-11-29,21,10,Valencia,spain,2018
Gelson Martins,portugal,FW,1995-05-11,23,18,Sporting CP,portugal,2018
Mário Rui,portugal,DF,1991-05-27,27,4,Napoli,italy,2018
Ricardo Quaresma,portugal,FW,1983-09-26,34,77,Beşiktaş,turkey,2018
Cédric,portugal,DF,1991-08-31,26,29,Southampton,england,2018
Beto,portugal,GK,1982-05-01,36,14,Göztepe,turkey,2018
Adrien Silva,portugal,MF,1989-03-15,29,23,Leicester City,england,2018
David de Gea,spain,GK,1990-11-07,27,29,Manchester United,england,2018
Dani Carvajal,spain,DF,1992-01-11,26,15,Real Madrid,spain,2018
Gerard Piqué,spain,DF,1987-02-02,31,98,Barcelona,spain,2018
Nacho,spain,DF,1990-01-18,28,17,Real Madrid,spain,2018
Sergio Busquets,spain,MF,1988-07-16,29,103,Barcelona,spain,2018
Andrés Iniesta,spain,MF,1984-05-11,34,127,Barcelona,spain,2018
Saúl,spain,MF,1994-11-21,23,10,Atlético Madrid,spain,2018
Koke,spain,MF,1992-01-08,26,40,Atlético Madrid,spain,2018
Rodrigo,spain,FW,1991-03-06,27,6,Valencia,spain,2018
Thiago,spain,MF,1991-04-11,27,29,Bayern Munich,germany,2018
Lucas Vázquez,spain,FW,1991-07-01,26,7,Real Madrid,spain,2018
Álvaro Odriozola,spain,DF,1995-12-14,22,4,Real Sociedad,spain,2018
Kepa Arrizabalaga,spain,GK,1994-10-03,23,1,Athletic Bilbao,spain,2018
César Azpilicueta,spain,DF,1989-08-28,28,22,Chelsea,england,2018
Sergio Ramos,spain,DF,1986-03-30,32,152,Real Madrid,spain,2018
Nacho Monreal,spain,DF,1986-02-26,32,22,Arsenal,england,2018
Iago Aspas,spain,FW,1987-08-01,30,10,Celta Vigo,spain,2018
Jordi Alba,spain,DF,1989-03-21,29,62,Barcelona,spain,2018
Diego Costa,spain,FW,1988-10-07,29,20,Atlético Madrid,spain,2018
Marco Asensio,spain,MF,1996-01-21,22,12,Real Madrid,spain,2018
David Silva,spain,FW,1986-01-08,32,121,Manchester City,england,2018
Isco,spain,MF,1992-04-21,26,28,Real Madrid,spain,2018
Pepe Reina,spain,GK,1982-08-31,35,36,Napoli,italy,2018
Mathew Ryan,australia,GK,1992-04-08,26,44,Brighton & Hove Albion,england,2018
Milos Degenek,australia,DF,1994-04-28,24,18,Yokohama F. Marinos,japan,2018
James Meredith,australia,DF,1988-04-05,30,2,Millwall,england,2018
Tim Cahill,australia,FW,1979-12-06,38,106,Millwall,england,2018
Mark Milligan,australia,DF,1985-08-04,32,71,Al-Ahli,saudi arabia,2018
Matthew Jurman,australia,DF,1989-12-08,28,4,Suwon Samsung Bluewings,korea republic,2018
Mathew Leckie,australia,FW,1991-02-04,27,53,Hertha BSC,germany,2018
Massimo Luongo,australia,MF,1992-09-25,25,36,Queens Park Rangers,england,2018
Tomi Juric,australia,FW,1991-07-22,26,35,Luzern,switzerland,2018
Robbie Kruse,australia,FW,1988-10-05,29,64,VfL Bochum,germany,2018
Andrew Nabbout,australia,FW,1992-12-17,25,4,Urawa Red Diamonds,japan,2018
Brad Jones,australia,GK,1982-03-19,36,6,Feyenoord,netherlands,2018
Aaron Mooy,australia,MF,1990-09-15,27,34,Huddersfield Town,england,2018
Jamie Maclaren,australia,FW,1993-07-29,24,6,Hibernian,scotland,2018
Mile Jedinak,australia,MF,1984-08-03,33,76,Aston Villa,england,2018
Aziz Behich,australia,DF,1990-12-16,27,23,Bursaspor,turkey,2018
Daniel Arzani,australia,FW,1999-01-04,19,2,Melbourne City,australia,2018
Danny Vukovic,australia,GK,1985-03-27,33,1,Genk,belgium,2018
Josh Risdon,australia,DF,1992-07-27,25,8,Western Sydney Wanderers,australia,2018
Trent Sainsbury,australia,DF,1992-01-05,26,35,Grasshoppers,switzerland,2018
Dimitri Petratos,australia,FW,1992-11-10,25,2,Newcastle Jets,australia,2018
Jackson Irvine,australia,MF,1993-03-07,25,19,Hull City,england,2018
Tom Rogic,australia,MF,1992-12-16,25,37,Celtic,scotland,2018
Kasper Schmeichel,denmark,GK,1986-11-05,31,35,Leicester City,england,2018
Michael Krohn-Dehli,denmark,MF,1983-06-06,35,59,Deportivo La Coruña,spain,2018
Jannik Vestergaard,denmark,DF,1992-08-03,25,16,Borussia Mönchengladbach,germany,2018
Simon Kjær,denmark,DF,1989-03-26,29,78,Sevilla,spain,2018
Jonas Knudsen,denmark,DF,1992-09-16,25,3,Ipswich Town,england,2018
Andreas Christensen,denmark,DF,1996-04-10,22,16,Chelsea,england,2018
William Kvist,denmark,MF,1985-02-24,33,80,Copenhagen,denmark,2018
Thomas Delaney,denmark,MF,1991-09-03,26,27,Werder Bremen,germany,2018
Nicolai Jørgensen,denmark,FW,1991-01-15,27,31,Feyenoord,netherlands,2018
Christian Eriksen,denmark,MF,1992-02-14,26,78,Tottenham Hotspur,england,2018
Martin Braithwaite,denmark,FW,1991-06-05,27,20,Bordeaux,france,2018
Kasper Dolberg,denmark,FW,1997-10-06,20,6,Ajax,netherlands,2018
Mathias Jørgensen,denmark,DF,1990-04-23,28,12,Huddersfield Town,england,2018
Henrik Dalsgaard,denmark,DF,1989-07-27,28,11,Brentford,england,2018
Viktor Fischer,denmark,FW,1994-06-09,24,19,Copenhagen,denmark,2018
Jonas Lössl,denmark,GK,1989-02-01,29,1,Huddersfield Town,england,2018
Jens Stryger Larsen,denmark,DF,1991-02-21,27,13,Udinese,italy,2018
Lukas Lerager,denmark,MF,1993-07-12,24,4,Bordeaux,france,2018
Lasse Schöne,denmark,MF,1986-05-27,32,36,Ajax,netherlands,2018
Yussuf Poulsen,denmark,FW,1994-06-15,23,28,RB Leipzig,germany,2018
Andreas Cornelius,denmark,FW,1993-03-16,25,18,Atalanta,italy,2018
Frederik Rønnow,denmark,GK,1992-08-04,25,6,Brøndby,denmark,2018
Pione Sisto,denmark,FW,1995-02-04,23,14,Celta Vigo,spain,2018
Hugo Lloris,france,GK,1986-12-26,31,98,Tottenham Hotspur,england,2018
Benjamin Pavard,france,DF,1996-03-28,22,6,VfB Stuttgart,germany,2018
Presnel Kimpembe,france,DF,1995-08-13,22,2,Paris Saint-Germain,france,2018
Raphaël Varane,france,DF,1993-04-25,25,42,Real Madrid,spain,2018
Samuel Umtiti,france,DF,1993-11-14,24,19,Barcelona,spain,2018
Paul Pogba,france,MF,1993-03-15,25,54,Manchester United,england,2018
Antoine Griezmann,france,FW,1991-03-21,27,54,Atlético Madrid,spain,2018
Thomas Lemar,france,FW,1995-11-12,22,12,Monaco,france,2018
Olivier Giroud,france,FW,1986-09-30,31,74,Chelsea,england,2018
Kylian Mbappé,france,FW,1998-12-20,19,15,Paris Saint-Germain,france,2018
Ousmane Dembélé,france,FW,1997-05-15,21,12,Barcelona,spain,2018
Corentin Tolisso,france,MF,1994-08-03,23,9,Bayern Munich,germany,2018
N'Golo Kanté,france,MF,1991-03-29,27,24,Chelsea,england,2018
Blaise Matuidi,france,MF,1987-04-09,31,67,Juventus,italy,2018
Steven Nzonzi,france,MF,1988-12-15,29,4,Sevilla,spain,2018
Steve Mandanda,france,GK,1985-03-28,33,27,Marseille,france,2018
Adil Rami,france,DF,1985-12-27,32,35,Marseille,france,2018
Nabil Fekir,france,FW,1993-07-18,24,12,Lyon,france,2018
Djibril Sidibé,france,DF,1992-07-29,25,17,Monaco,france,2018
Florian Thauvin,france,FW,1993-01-26,25,4,Marseille,france,2018
Lucas Hernández,france,DF,1996-02-14,22,5,Atlético Madrid,spain,2018
Benjamin Mendy,france,DF,1994-07-17,23,7,Manchester City,england,2018
Alphonse Areola,france,GK,1993-02-27,25,0,Paris Saint-Germain,france,2018
Pedro Gallese,peru,GK,1990-02-23,28,38,Veracruz,mexico,2018
Alberto Rodríguez,peru,DF,1984-03-31,34,59,Atlético Junior,colombia,2018
Aldo Corzo,peru,DF,1989-05-20,29,25,Universitario,peru,2018
Anderson Santamaría,peru,DF,1992-01-10,26,4,Puebla,mexico,2018
Miguel Araujo,peru,DF,1994-10-24,23,7,Alianza Lima,peru,2018
Miguel Trauco,peru,DF,1992-08-25,25,27,Flamengo,brazil,2018
Paolo Hurtado,peru,MF,1990-07-27,27,31,Vitória de Guimarães,portugal,2018
Christian Cueva,peru,MF,1991-11-23,26,44,São Paulo,brazil,2018
Paolo Guerrero,peru,FW,1984-01-01,34,88,Flamengo,brazil,2018
Jefferson Farfán,peru,FW,1984-10-26,33,84,Lokomotiv Moscow,russia,2018
Raúl Ruidíaz,peru,FW,1990-07-25,27,30,Morelia,mexico,2018
Carlos Cáceda,peru,GK,1991-09-27,26,4,Deportivo Municipal,peru,2018
Renato Tapia,peru,MF,1995-07-28,22,23,Feyenoord,netherlands,2018
Andy Polo,peru,MF,1994-09-29,23,17,Portland Timbers,usa,2018
Christian Ramos,peru,DF,1988-11-04,29,66,Veracruz,mexico,2018
Wilder Cartagena,peru,MF,1994-09-23,23,3,Veracruz,mexico,2018
Luis Advíncula,peru,DF,1990-03-02,28,65,Lobos BUAP,mexico,2018
André Carrillo,peru,FW,1991-06-14,27,45,Watford,england,2018
Yoshimar Yotún,peru,MF,1990-04-07,28,73,Orlando City,usa,2018
Edison Flores,peru,FW,1994-05-14,24,29,AaB,denmark,2018
José Carvallo,peru,GK,1986-03-01,32,6,UTC,peru,2018
Nilson Loyola,peru,DF,1994-10-26,23,3,Melgar,peru,2018
Pedro Aquino,peru,MF,1995-04-13,23,13,Lobos BUAP,mexico,2018
Nahuel Guzmán,argentina,GK,1986-02-10,32,6,UANL,mexico,2018
Gabriel Mercado,argentina,DF,1987-03-18,31,20,Sevilla,spain,2018
Nicolás Tagliafico,argentina,DF,1992-08-31,25,4,Ajax,netherlands,2018
Cristian Ansaldi,argentina,DF,1986-09-20,31,5,Torino,italy,2018
Lucas Biglia,argentina,MF,1986-01-30,32,57,Milan,italy,2018
Federico Fazio,argentina,DF,1987-03-17,31,9,Roma,italy,2018
Éver Banega,argentina,MF,1988-06-29,29,62,Sevilla,spain,2018
Marcos Acuña,argentina,DF,1991-10-28,26,10,Sporting CP,portugal,2018
Gonzalo Higuaín,argentina,FW,1987-12-10,30,71,Juventus,italy,2018
Lionel Messi,argentina,FW,1987-06-24,30,124,Barcelona,spain,2018
Ángel Di María,argentina,MF,1988-02-14,30,94,Paris Saint-Germain,france,2018
Franco Armani,argentina,GK,1986-10-16,31,0,River Plate,argentina,2018
Maximiliano Meza,argentina,MF,1992-12-15,25,2,Independiente,argentina,2018
Javier Mascherano,argentina,DF,1984-06-08,34,143,Hebei China Fortune,china pr,2018
Enzo Pérez,argentina,MF,1986-02-22,32,23,River Plate,argentina,2018
Marcos Rojo,argentina,DF,1990-03-20,28,56,Manchester United,england,2018
Nicolás Otamendi,argentina,DF,1988-02-12,30,54,Manchester City,england,2018
Eduardo Salvio,argentina,DF,1990-07-13,27,9,Benfica,portugal,2018
Sergio Agüero,argentina,FW,1988-06-02,30,85,Manchester City,england,2018
Giovani Lo Celso,argentina,MF,1996-04-09,22,5,Paris Saint-Germain,france,2018
Paulo Dybala,argentina,FW,1993-11-15,24,12,Juventus,italy,2018
Cristian Pavón,argentina,MF,1996-01-21,22,5,Boca Juniors,argentina,2018
Willy Caballero,argentina,GK,1981-09-28,36,3,Chelsea,england,2018
Dominik Livaković,croatia,GK,1995-01-09,23,1,Dinamo Zagreb,croatia,2018
Šime Vrsaljko,croatia,DF,1992-01-10,26,35,Atlético Madrid,spain,2018
Ivan Strinić,croatia,DF,1987-07-17,30,43,Sampdoria,italy,2018
Ivan Perišić,croatia,FW,1989-02-02,29,66,Inter Milan,italy,2018
Vedran Ćorluka,croatia,DF,1986-02-05,32,99,Lokomotiv Moscow,russia,2018
Dejan Lovren,croatia,DF,1989-07-05,28,39,Liverpool,england,2018
Ivan Rakitić,croatia,MF,1988-03-10,30,92,Barcelona,spain,2018
Mateo Kovačić,croatia,MF,1994-05-06,24,41,Real Madrid,spain,2018
Andrej Kramarić,croatia,FW,1991-06-19,26,31,1899 Hoffenheim,germany,2018
Luka Modrić,croatia,MF,1985-09-09,32,106,Real Madrid,spain,2018
Marcelo Brozović,croatia,MF,1992-11-16,25,35,Inter Milan,italy,2018
Lovre Kalinić,croatia,GK,1990-04-03,28,11,Gent,belgium,2018
Tin Jedvaj,croatia,DF,1995-11-28,22,12,Bayer Leverkusen,germany,2018
Filip Bradarić,croatia,MF,1992-01-11,26,4,Rijeka,croatia,2018
Duje Ćaleta-Car,croatia,DF,1996-09-17,21,1,Red Bull Salzburg,austria,2018
Nikola Kalinić,croatia,FW,1988-01-05,30,42,Milan,italy,2018
Mario Mandžukić,croatia,FW,1986-05-21,32,83,Juventus,italy,2018
Ante Rebić,croatia,FW,1993-09-21,24,16,Eintracht Frankfurt,germany,2018
Milan Badelj,croatia,MF,1989-02-25,29,38,Fiorentina,italy,2018
Marko Pjaca,croatia,FW,1995-05-06,23,16,Schalke 04,germany,2018
Domagoj Vida,croatia,DF,1989-04-29,29,59,Beşiktaş,turkey,2018
Josip Pivarić,croatia,DF,1989-01-30,29,19,Dynamo Kyiv,ukraine,2018
Danijel Subašić,croatia,GK,1984-10-27,33,38,Monaco,france,2018
Hannes Þór Halldórsson,iceland,GK,1984-04-27,34,49,Randers,denmark,2018
Birkir Már Sævarsson,iceland,DF,1984-11-11,33,79,Valur,iceland,2018
Samúel Friðjónsson,iceland,MF,1996-02-22,22,4,Vålerenga,norway,2018
Albert Guðmundsson,iceland,MF,1997-06-15,20,5,PSV Eindhoven,netherlands,2018
Sverrir Ingi Ingason,iceland,DF,1993-08-05,24,20,Rostov,russia,2018
Ragnar Sigurðsson,iceland,DF,1986-06-19,31,77,Rostov,russia,2018
Jóhann Berg Guðmundsson,iceland,MF,1990-10-27,27,67,Burnley,england,2018
Birkir Bjarnason,iceland,MF,1988-05-27,30,67,Aston Villa,england,2018
Björn Bergmann Sigurðarson,iceland,FW,1991-02-26,27,12,Rostov,russia,2018
Gylfi Sigurðsson,iceland,MF,1989-09-08,28,57,Everton,england,2018
Alfreð Finnbogason,iceland,FW,1989-02-01,29,47,FC Augsburg,germany,2018
Frederik Schram,iceland,GK,1995-01-19,23,4,Roskilde,denmark,2018
Rúnar Alex Rúnarsson,iceland,GK,1995-02-18,23,3,Nordsjælland,denmark,2018
Kári Árnason,iceland,DF,1982-10-13,35,67,Aberdeen,scotland,2018
Hólmar Örn Eyjólfsson,iceland,DF,1990-08-06,27,10,Levski Sofia,bulgaria,2018
Ólafur Ingi Skúlason,iceland,MF,1983-04-01,35,36,Kardemir Karabükspor,turkey,2018
Aron Gunnarsson,iceland,MF,1989-04-22,29,77,Cardiff City,wales,2018
Hörður Björgvin Magnússon,iceland,DF,1993-02-11,25,16,Bristol City,england,2018
Rúrik Gíslason,iceland,MF,1988-02-25,30,47,SV Sandhausen,germany,2018
Emil Hallfreðsson,iceland,MF,1984-06-29,33,64,Udinese,italy,2018
Arnór Ingvi Traustason,iceland,MF,1993-04-30,25,19,Malmö,sweden,2018
Jón Daði Böðvarsson,iceland,FW,1992-05-25,26,38,Reading,england,2018
Ari Freyr Skúlason,iceland,DF,1987-05-14,31,56,Lokeren,belgium,2018
Ikechukwu Ezenwa,nigeria,GK,1988-10-16,29,24,Enyimba,nigeria,2018
Brian Idowu,nigeria,DF,1992-05-18,26,5,Amkar Perm,russia,2018
Elderson Echiéjilé,nigeria,DF,1988-01-20,30,62,Cercle Brugge,belgium,2018
Wilfred Ndidi,nigeria,MF,1996-12-16,21,17,Leicester City,england,2018
William Troost-Ekong,nigeria,DF,1993-09-01,24,22,Bursaspor,turkey,2018
Leon Balogun,nigeria,DF,1988-06-28,29,19,Mainz 05,germany,2018
Ahmed Musa,nigeria,FW,1992-10-14,25,72,CSKA Moscow,russia,2018
Oghenekaro Etebo,nigeria,MF,1995-11-09,22,14,Las Palmas,spain,2018
Odion Ighalo,nigeria,FW,1989-06-16,28,19,Changchun Yatai,china pr,2018
John Obi Mikel,nigeria,MF,1987-04-22,31,85,Tianjin TEDA,china pr,2018
Victor Moses,nigeria,FW,1990-12-12,27,34,Chelsea,england,2018
Shehu Abdullahi,nigeria,DF,1993-03-12,25,25,Bursaspor,turkey,2018
Simeon Nwankwo,nigeria,FW,1992-05-07,26,2,Crotone,italy,2018
Kelechi Iheanacho,nigeria,FW,1996-03-10,22,18,Leicester City,england,2018
Joel Obi,nigeria,MF,1991-05-22,27,17,Torino,italy,2018
Daniel Akpeyi,nigeria,GK,1986-03-08,32,7,Chippa United,south africa,2018
Ogenyi Onazi,nigeria,MF,1992-12-25,25,52,Trabzonspor,turkey,2018
Alex Iwobi,nigeria,FW,1996-05-03,22,19,Arsenal,england,2018
John Ogu,nigeria,MF,1988-04-20,30,20,Hapoel Be'er Sheva,israel,2018
Chidozie Awaziem,nigeria,DF,1997-01-01,21,4,Nantes,france,2018
Tyronne Ebuehi,nigeria,DF,1995-12-16,22,7,ADO Den Haag,netherlands,2018
Kenneth Omeruo,nigeria,DF,1993-10-17,24,39,Kasımpaşa,turkey,2018
Francis Uzoho,nigeria,GK,1998-10-28,19,6,Deportivo La Coruña,spain,2018
Alisson,brazil,GK,1992-10-02,25,26,Roma,italy,2018
Thiago Silva,brazil,DF,1984-09-22,33,71,Paris Saint-Germain,france,2018
Miranda,brazil,DF,1984-09-07,33,47,Inter Milan,italy,2018
Pedro Geromel,brazil,DF,1985-09-21,32,2,Grêmio,brazil,2018
Casemiro,brazil,MF,1992-02-23,26,24,Real Madrid,spain,2018
Filipe Luís,brazil,DF,1985-08-09,32,33,Atlético Madrid,spain,2018
Douglas Costa,brazil,FW,1990-09-14,27,25,Juventus,italy,2018
Renato Augusto,brazil,MF,1988-02-08,30,28,Beijing Sinobo Guoan,china pr,2018
Gabriel Jesus,brazil,FW,1997-04-03,21,17,Manchester City,england,2018
Neymar,brazil,FW,1992-02-05,26,85,Paris Saint-Germain,france,2018
Philippe Coutinho,brazil,MF,1992-06-12,26,37,Barcelona,spain,2018
Marcelo,brazil,DF,1988-05-12,30,54,Real Madrid,spain,2018
Marquinhos,brazil,DF,1994-05-14,24,26,Paris Saint-Germain,france,2018
Danilo,brazil,DF,1991-07-15,26,18,Manchester City,england,2018
Paulinho,brazil,MF,1988-07-25,29,50,Barcelona,spain,2018
Cássio,brazil,GK,1987-06-06,31,1,Corinthians,brazil,2018
Fernandinho,brazil,MF,1985-05-04,33,44,Manchester City,england,2018
Fred,brazil,MF,1993-03-05,25,8,Shakhtar Donetsk,ukraine,2018
Willian,brazil,MF,1988-08-09,29,57,Chelsea,england,2018
Roberto Firmino,brazil,FW,1991-10-02,26,21,Liverpool,england,2018
Taison,brazil,FW,1988-01-13,30,8,Shakhtar Donetsk,ukraine,2018
Fagner,brazil,DF,1989-06-11,29,4,Corinthians,brazil,2018
Ederson,brazil,GK,1993-08-17,24,1,Manchester City,england,2018
Keylor Navas,costa rica,GK,1986-12-15,31,81,Real Madrid,spain,2018
Johnny Acosta,costa rica,DF,1983-07-21,34,69,Águilas Doradas,colombia,2018
Giancarlo González,costa rica,DF,1988-02-08,30,70,Bologna,italy,2018
Ian Smith,costa rica,DF,1998-03-06,20,4,Norrköping,sweden,2018
Celso Borges,costa rica,MF,1988-05-27,30,113,Deportivo La Coruña,spain,2018
Óscar Duarte,costa rica,DF,1989-06-03,29,39,Espanyol,spain,2018
Christian Bolaños,costa rica,MF,1984-05-17,34,81,Saprissa,costa rica,2018
Bryan Oviedo,costa rica,DF,1990-02-18,28,44,Sunderland,england,2018
Daniel Colindres,costa rica,MF,1985-01-10,33,11,Saprissa,costa rica,2018
Bryan Ruiz,costa rica,MF,1985-08-18,32,110,Sporting CP,portugal,2018
Johan Venegas,costa rica,FW,1988-11-27,29,47,Saprissa,costa rica,2018
Joel Campbell,costa rica,FW,1992-06-26,25,77,Real Betis,spain,2018
Rodney Wallace,costa rica,MF,1988-06-17,29,30,New York City FC,usa,2018
Randall Azofeifa,costa rica,MF,1984-12-30,33,58,Herediano,costa rica,2018
Francisco Calvo,costa rica,DF,1992-07-08,25,38,Minnesota United,usa,2018
Cristian Gamboa,costa rica,DF,1989-10-24,28,68,Celtic,scotland,2018
Yeltsin Tejeda,costa rica,MF,1992-03-17,26,51,Lausanne,switzerland,2018
Patrick Pemberton,costa rica,GK,1982-04-24,36,39,Alajuelense,costa rica,2018
Kendall Waston,costa rica,DF,1988-01-01,30,26,Vancouver Whitecaps FC,canada,2018
David Guzmán,costa rica,MF,1990-02-18,28,43,Portland Timbers,usa,2018
Marco Ureña,costa rica,FW,1990-03-05,28,64,Los Angeles FC,usa,2018
Kenner Gutiérrez,costa rica,DF,1989-06-09,29,9,Alajuelense,costa rica,2018
Leonel Moreira,costa rica,GK,1990-04-02,28,9,Herediano,costa rica,2018
Vladimir Stojković,serbia,GK,1983-07-28,34,81,Partizan,serbia,2018
Antonio Rukavina,serbia,DF,1984-01-26,34,47,Villarreal,spain,2018
Duško Tošić,serbia,DF,1985-01-19,33,24,Beşiktaş,turkey,2018
Luka Milivojević,serbia,MF,1991-04-07,27,28,Crystal Palace,england,2018
Uroš Spajić,serbia,DF,1993-02-13,25,5,Anderlecht,belgium,2018
Branislav Ivanović,serbia,DF,1984-02-22,34,103,Zenit Saint Petersburg,russia,2018
Andrija Živković,serbia,MF,1996-07-11,21,10,Benfica,portugal,2018
Aleksandar Prijović,serbia,FW,1990-04-21,28,9,PAOK,greece,2018
Aleksandar Mitrović,serbia,FW,1994-09-16,23,37,Fulham,england,2018
Dušan Tadić,serbia,MF,1988-11-20,29,53,Southampton,england,2018
Aleksandar Kolarov,serbia,DF,1985-11-10,32,76,Roma,italy,2018
Predrag Rajković,serbia,GK,1995-10-31,22,8,Maccabi Tel Aviv,israel,2018
Miloš Veljković,serbia,DF,1995-09-26,22,2,Werder Bremen,germany,2018
Milan Rodić,serbia,DF,1991-04-02,27,1,Red Star Belgrade,serbia,2018
Nikola Milenković,serbia,DF,1997-10-12,20,3,Fiorentina,italy,2018
Marko Grujić,serbia,MF,1996-04-13,22,8,Cardiff City,wales,2018
Filip Kostić,serbia,MF,1992-11-01,25,23,Hamburger SV,germany,2018
Nemanja Radonjić,serbia,FW,1996-02-15,22,3,Red Star Belgrade,serbia,2018
Luka Jović,serbia,FW,1997-12-23,20,1,Eintracht Frankfurt,germany,2018
Sergej Milinković-Savić,serbia,MF,1995-02-27,23,4,Lazio,italy,2018
Nemanja Matić,serbia,MF,1988-08-01,29,40,Manchester United,england,2018
Adem Ljajić,serbia,MF,1991-09-29,26,29,Torino,italy,2018
Marko Dmitrović,serbia,GK,1992-01-24,26,2,Eibar,spain,2018
Yann Sommer,switzerland,GK,1988-12-17,29,35,Borussia Mönchengladbach,germany,2018
Stephan Lichtsteiner,switzerland,DF,1984-01-16,34,100,Juventus,italy,2018
François Moubandje,switzerland,DF,1990-06-21,27,18,Toulouse,france,2018
Nico Elvedi,switzerland,DF,1996-09-30,21,6,Borussia Mönchengladbach,germany,2018
Manuel Akanji,switzerland,DF,1995-07-19,22,7,Borussia Dortmund,germany,2018
Michael Lang,switzerland,DF,1991-02-08,27,24,Basel,switzerland,2018
Breel Embolo,switzerland,FW,1997-02-14,21,25,Schalke 04,germany,2018
Remo Freuler,switzerland,MF,1992-04-15,26,10,Atalanta,italy,2018
Haris Seferović,switzerland,FW,1992-02-22,26,51,Benfica,portugal,2018
Granit Xhaka,switzerland,MF,1992-09-27,25,62,Arsenal,england,2018
Valon Behrami,switzerland,MF,1985-04-19,33,79,Udinese,italy,2018
Yvon Mvogo,switzerland,GK,1994-06-06,24,0,RB Leipzig,germany,2018
Ricardo Rodríguez,switzerland,DF,1992-08-25,25,53,Milan,italy,2018
Steven Zuber,switzerland,MF,1991-08-17,26,12,1899 Hoffenheim,germany,2018
Blerim Džemaili,switzerland,MF,1986-04-12,32,65,Bologna,italy,2018
Gelson Fernandes,switzerland,MF,1986-09-02,31,67,Eintracht Frankfurt,germany,2018
Denis Zakaria,switzerland,MF,1996-11-20,21,10,Borussia Mönchengladbach,germany,2018
Mario Gavranović,switzerland,FW,1989-11-24,28,14,Dinamo Zagreb,croatia,2018
Josip Drmić,switzerland,FW,1992-08-08,25,29,Borussia Mönchengladbach,germany,2018
Johan Djourou,switzerland,DF,1987-01-18,31,74,Antalyaspor,turkey,2018
Roman Bürki,switzerland,GK,1990-11-14,27,9,Borussia Dortmund,germany,2018
Fabian Schär,switzerland,DF,1991-12-20,26,39,Deportivo La Coruña,spain,2018
Xherdan Shaqiri,switzerland,MF,1991-10-10,26,70,Stoke City,england,2018
Manuel Neuer,germany,GK,1986-03-27,32,76,Bayern Munich,germany,2018
Marvin Plattenhardt,germany,DF,1992-01-26,26,6,Hertha BSC,germany,2018
Jonas Hector,germany,DF,1990-05-27,28,38,1. FC Köln,germany,2018
Matthias Ginter,germany,DF,1994-01-19,24,18,Borussia Mönchengladbach,germany,2018
Mats Hummels,germany,DF,1988-12-16,29,64,Bayern Munich,germany,2018
Sami Khedira,germany,MF,1987-04-04,31,75,Juventus,italy,2018
Julian Draxler,germany,MF,1993-09-20,24,44,Paris Saint-Germain,france,2018
Toni Kroos,germany,MF,1990-01-04,28,83,Real Madrid,spain,2018
Timo Werner,germany,FW,1996-03-06,22,14,RB Leipzig,germany,2018
Mesut Özil,germany,MF,1988-10-15,29,90,Arsenal,england,2018
Marco Reus,germany,FW,1989-05-31,29,31,Borussia Dortmund,germany,2018
Kevin Trapp,germany,GK,1990-07-08,27,3,Paris Saint-Germain,france,2018
Thomas Müller,germany,MF,1989-09-13,28,91,Bayern Munich,germany,2018
Leon Goretzka,germany,MF,1995-02-06,23,15,Schalke 04,germany,2018
Niklas Süle,germany,DF,1995-09-03,22,11,Bayern Munich,germany,2018
Antonio Rüdiger,germany,DF,1993-03-03,25,24,Chelsea,england,2018
Jérôme Boateng,germany,DF,1988-09-03,29,71,Bayern Munich,germany,2018
Joshua Kimmich,germany,DF,1995-02-08,23,29,Bayern Munich,germany,2018
Sebastian Rudy,germany,MF,1990-02-28,28,25,Bayern Munich,germany,2018
Julian Brandt,germany,MF,1996-05-02,22,16,Bayer Leverkusen,germany,2018
İlkay Gündoğan,germany,MF,1990-10-24,27,26,Manchester City,england,2018
Marc-André ter Stegen,germany,GK,1992-04-30,26,20,Barcelona,spain,2018
Mario Gómez,germany,FW,1985-07-10,32,75,VfB Stuttgart,germany,2018
José de Jesús Corona,mexico,GK,1981-01-26,37,52,Cruz Azul,mexico,2018
Hugo Ayala,mexico,DF,1987-03-31,31,43,UANL,mexico,2018
Carlos Salcedo,mexico,DF,1993-09-29,24,21,Eintracht Frankfurt,germany,2018
Rafael Márquez,mexico,DF,1979-02-13,39,145,Atlas,mexico,2018
Érick Gutiérrez,mexico,MF,1995-06-15,22,9,Pachuca,mexico,2018
Jonathan dos Santos,mexico,MF,1990-04-26,28,32,LA Galaxy,usa,2018
Miguel Layún,mexico,MF,1988-06-25,29,64,Sevilla,spain,2018
Marco Fabián,mexico,FW,1989-07-21,28,39,Eintracht Frankfurt,germany,2018
Raúl Jiménez,mexico,FW,1991-05-05,27,63,Benfica,portugal,2018
Giovani dos Santos,mexico,MF,1989-05-11,29,105,LA Galaxy,usa,2018
Carlos Vela,mexico,FW,1989-03-01,29,68,Los Angeles FC,usa,2018
Alfredo Talavera,mexico,GK,1982-09-18,35,27,Toluca,mexico,2018
Guillermo Ochoa,mexico,GK,1985-07-13,32,94,Standard Liège,belgium,2018
Javier Hernández,mexico,FW,1988-06-01,30,102,West Ham United,england,2018
Héctor Moreno,mexico,DF,1988-01-17,30,92,Real Sociedad,spain,2018
Héctor Herrera,mexico,DF,1990-04-19,28,66,Porto,portugal,2018
Jesús Manuel Corona,mexico,MF,1993-01-06,25,36,Porto,portugal,2018
Andrés Guardado,mexico,MF,1986-09-28,31,145,Real Betis,spain,2018
Oribe Peralta,mexico,FW,1984-01-12,34,67,América,mexico,2018
Javier Aquino,mexico,MF,1990-02-11,28,53,UANL,mexico,2018
Edson Álvarez,mexico,DF,1997-10-24,20,13,América,mexico,2018
Hirving Lozano,mexico,FW,1995-07-30,22,28,PSV Eindhoven,netherlands,2018
Jesús Gallardo,mexico,MF,1994-08-15,23,23,UNAM,mexico,2018
Kim Seung-gyu,korea republic,GK,1990-09-30,27,33,Vissel Kobe,japan,2018
Lee Yong,korea republic,DF,1986-12-24,31,28,Jeonbuk Hyundai Motors,korea republic,2018
Jung Seung-hyun,korea republic,DF,1994-04-03,24,6,Sagan Tosu,japan,2018
Oh Ban-suk,korea republic,DF,1988-05-20,30,2,Jeju United,korea republic,2018
Yun Young-sun,korea republic,DF,1988-10-04,29,6,Seongnam FC,korea republic,2018
Park Joo-ho,korea republic,DF,1987-01-16,31,36,Ulsan Hyundai,korea republic,2018
Son Heung-min,korea republic,FW,1992-07-08,25,67,Tottenham Hotspur,england,2018
Ju Se-jong,korea republic,MF,1990-10-30,27,11,Asan Mugunghwa,korea republic,2018
Kim Shin-wook,korea republic,FW,1988-04-14,30,50,Jeonbuk Hyundai Motors,korea republic,2018
Lee Seung-woo,korea republic,MF,1998-01-06,20,4,Hellas Verona,italy,2018
Hwang Hee-chan,korea republic,FW,1996-01-26,22,14,Red Bull Salzburg,austria,2018
Kim Min-woo,korea republic,DF,1990-02-25,28,20,Sangju Sangmu,korea republic,2018
Koo Ja-cheol,korea republic,MF,1989-02-27,29,68,FC Augsburg,germany,2018
Hong Chul,korea republic,DF,1990-09-17,27,14,Sangju Sangmu,korea republic,2018
Jung Woo-young,korea republic,MF,1989-12-14,28,30,Vissel Kobe,japan,2018
Ki Sung-yueng,korea republic,MF,1989-01-24,29,102,Swansea City,wales,2018
Lee Jae-sung,korea republic,MF,1992-08-10,25,35,Jeonbuk Hyundai Motors,korea republic,2018
Moon Seon-min,korea republic,MF,1992-06-09,26,3,Incheon United,korea republic,2018
Kim Young-gwon,korea republic,DF,1990-02-27,28,53,Guangzhou Evergrande,china pr,2018
Jang Hyun-soo,korea republic,DF,1991-09-28,26,51,FC Tokyo,japan,2018
Kim Jin-hyeon,korea republic,GK,1987-07-06,30,15,Cerezo Osaka,japan,2018
Go Yo-han,korea republic,DF,1988-03-10,30,20,FC Seoul,korea republic,2018
Jo Hyeon-woo,korea republic,GK,1991-09-25,26,6,Daegu FC,korea republic,2018
Robin Olsen,sweden,GK,1990-01-08,28,18,Copenhagen,denmark,2018
Mikael Lustig,sweden,DF,1986-12-13,31,66,Celtic,scotland,2018
Victor Lindelöf,sweden,DF,1994-07-17,23,21,Manchester United,england,2018
Andreas Granqvist,sweden,DF,1985-04-16,33,72,Krasnodar,russia,2018
Martin Olsson,sweden,DF,1988-05-17,30,43,Swansea City,wales,2018
Ludwig Augustinsson,sweden,DF,1994-04-21,24,15,Werder Bremen,germany,2018
Sebastian Larsson,sweden,MF,1985-06-06,33,100,Hull City,england,2018
Albin Ekdal,sweden,MF,1989-07-28,28,34,Hamburger SV,germany,2018
Marcus Berg,sweden,FW,1986-08-17,31,57,Al Ain,united arab emirates,2018
Emil Forsberg,sweden,MF,1991-10-23,26,36,RB Leipzig,germany,2018
John Guidetti,sweden,FW,1992-04-15,26,20,Alavés,spain,2018
Karl-Johan Johnsson,sweden,GK,1990-01-28,28,5,Guingamp,france,2018
Gustav Svensson,sweden,MF,1987-02-07,31,13,Seattle Sounders FC,usa,2018
Filip Helander,sweden,DF,1993-04-22,25,4,Bologna,italy,2018
Oscar Hiljemark,sweden,MF,1992-06-28,25,22,Genoa,italy,2018
Emil Krafth,sweden,DF,1994-08-02,23,13,Bologna,italy,2018
Viktor Claesson,sweden,MF,1992-01-02,26,22,Krasnodar,russia,2018
Pontus Jansson,sweden,DF,1991-02-13,27,15,Leeds United,england,2018
Marcus Rohdén,sweden,MF,1991-05-11,27,12,Crotone,italy,2018
Ola Toivonen,sweden,FW,1986-07-03,31,59,Toulouse,france,2018
Jimmy Durmaz,sweden,MF,1989-03-22,29,45,Toulouse,france,2018
Isaac Kiese Thelin,sweden,FW,1992-06-24,25,20,Waasland-Beveren,belgium,2018
Kristoffer Nordfeldt,sweden,GK,1989-06-23,28,8,Swansea City,wales,2018
Thibaut Courtois,belgium,GK,1992-05-11,26,58,Chelsea,england,2018
Toby Alderweireld,belgium,DF,1989-03-02,29,77,Tottenham Hotspur,england,2018
Thomas Vermaelen,belgium,DF,1985-11-14,32,66,Barcelona,spain,2018
Vincent Kompany,belgium,DF,1986-04-10,32,77,Manchester City,england,2018
Jan Vertonghen,belgium,DF,1987-04-24,31,102,Tottenham Hotspur,england,2018
Axel Witsel,belgium,MF,1989-01-12,29,90,Tianjin Quanjian,china pr,2018
Kevin De Bruyne,belgium,MF,1991-06-28,26,62,Manchester City,england,2018
Marouane Fellaini,belgium,MF,1987-11-22,30,82,Manchester United,england,2018
Romelu Lukaku,belgium,FW,1993-05-13,25,69,Manchester United,england,2018
Eden Hazard,belgium,FW,1991-01-07,27,86,Chelsea,england,2018
Yannick Carrasco,belgium,MF,1993-09-04,24,26,Dalian Yifang,china pr,2018
Simon Mignolet,belgium,GK,1988-03-06,30,21,Liverpool,england,2018
Koen Casteels,belgium,GK,1992-06-25,25,0,VfL Wolfsburg,germany,2018
Dries Mertens,belgium,FW,1987-05-06,31,69,Napoli,italy,2018
Thomas Meunier,belgium,DF,1991-09-12,26,25,Paris Saint-Germain,france,2018
Thorgan Hazard,belgium,MF,1993-03-29,25,11,Borussia Mönchengladbach,germany,2018
Youri Tielemans,belgium,MF,1997-05-07,21,9,Monaco,france,2018
Adnan Januzaj,belgium,FW,1995-02-05,23,8,Real Sociedad,spain,2018
Mousa Dembélé,belgium,MF,1987-07-16,30,76,Tottenham Hotspur,england,2018
Dedryck Boyata,belgium,DF,1990-11-28,27,7,Celtic,scotland,2018
Michy Batshuayi,belgium,FW,1993-10-02,24,16,Borussia Dortmund,germany,2018
Nacer Chadli,belgium,MF,1989-08-02,28,45,West Bromwich Albion,england,2018
Leander Dendoncker,belgium,DF,1995-04-15,23,5,Anderlecht,belgium,2018
Jordan Pickford,england,GK,1994-03-07,24,3,Everton,england,2018
Kyle Walker,england,DF,1990-05-28,28,35,Manchester City,england,2018
Danny Rose,england,DF,1990-07-02,27,18,Tottenham Hotspur,england,2018
Eric Dier,england,MF,1994-01-15,24,26,Tottenham Hotspur,england,2018
John Stones,england,DF,1994-05-28,24,26,Manchester City,england,2018
Harry Maguire,england,DF,1993-03-05,25,5,Leicester City,england,2018
Jesse Lingard,england,MF,1992-12-15,25,12,Manchester United,england,2018
Jordan Henderson,england,MF,1990-06-17,27,39,Liverpool,england,2018
Harry Kane,england,FW,1993-07-28,24,24,Tottenham Hotspur,england,2018
Raheem Sterling,england,FW,1994-12-08,23,38,Manchester City,england,2018
Jamie Vardy,england,FW,1987-01-11,31,22,Leicester City,england,2018
Kieran Trippier,england,DF,1990-09-19,27,7,Tottenham Hotspur,england,2018
Jack Butland,england,GK,1993-03-10,25,8,Stoke City,england,2018
Danny Welbeck,england,FW,1990-11-26,27,39,Arsenal,england,2018
Gary Cahill,england,DF,1985-12-19,32,60,Chelsea,england,2018
Phil Jones,england,DF,1992-02-21,26,25,Manchester United,england,2018
Fabian Delph,england,DF,1989-11-21,28,11,Manchester City,england,2018
Ashley Young,england,DF,1985-07-09,32,34,Manchester United,england,2018
Marcus Rashford,england,FW,1997-10-31,20,19,Manchester United,england,2018
Dele Alli,england,MF,1996-04-11,22,25,Tottenham Hotspur,england,2018
Ruben Loftus-Cheek,england,MF,1996-01-23,22,4,Crystal Palace,england,2018
Trent Alexander-Arnold,england,DF,1998-10-07,19,1,Liverpool,england,2018
Nick Pope,england,GK,1992-04-19,26,1,Burnley,england,2018
Jaime Penedo,panama,GK,1981-09-26,36,131,Dinamo București,romania,2018
Michael Amir Murillo,panama,DF,1996-02-11,22,22,New York Red Bulls,usa,2018
Harold Cummings,panama,DF,1992-03-01,26,52,San Jose Earthquakes,usa,2018
Fidel Escobar,panama,DF,1995-01-09,23,23,New York Red Bulls,usa,2018
Román Torres,panama,DF,1986-03-20,32,111,Seattle Sounders FC,usa,2018
Gabriel Gómez,panama,MF,1984-05-29,34,144,Atlético Bucaramanga,colombia,2018
Blas Pérez,panama,FW,1981-03-13,37,118,Municipal,guatemala,2018
Édgar Bárcenas,panama,MF,1993-10-23,24,29,Tapachula,mexico,2018
Gabriel Torres,panama,FW,1988-10-31,29,72,Huachipato,chile,2018
Ismael Díaz,panama,FW,1997-05-12,21,11,Deportivo Fabril,spain,2018
Armando Cooper,panama,MF,1987-11-26,30,98,Universidad de Chile,chile,2018
José Calderón,panama,GK,1985-08-14,32,31,Chorrillo,panama,2018
Adolfo Machado,panama,DF,1985-02-14,33,76,Houston Dynamo,usa,2018
Valentín Pimentel,panama,MF,1991-05-30,27,23,Plaza Amador,panama,2018
Erick Davis,panama,DF,1991-03-31,27,38,Dunajská Streda,slovakia,2018
Abdiel Arroyo,panama,FW,1993-12-13,24,33,Alajuelense,costa rica,2018
Luis Ovalle,panama,DF,1988-09-07,29,25,CD Olimpia,honduras,2018
Luis Tejada,panama,FW,1982-03-28,36,105,Sport Boys,peru,2018
Ricardo Ávila,panama,MF,1997-02-04,21,5,Gent,belgium,2018
Aníbal Godoy,panama,MF,1990-02-10,28,88,San Jose Earthquakes,usa,2018
José Luis Rodríguez,panama,MF,1998-06-19,19,2,Gent,belgium,2018
Álex Rodríguez,panama,GK,1990-08-05,27,6,San Francisco,panama,2018
Felipe Baloy,panama,DF,1981-02-24,37,102,Municipal,guatemala,2018
Farouk Ben Mustapha,tunisia,GK,1989-07-01,28,15,Al-Shabab,saudi arabia,2018
Syam Ben Youssef,tunisia,DF,1989-03-31,29,42,Kasımpaşa,turkey,2018
Yohan Benalouane,tunisia,DF,1987-03-28,31,4,Leicester City,england,2018
Yassine Meriah,tunisia,DF,1993-07-02,24,16,CS Sfaxien,tunisia,2018
Oussama Haddadi,tunisia,DF,1992-01-28,26,9,Dijon,france,2018
Rami Bedoui,tunisia,DF,1990-01-19,28,8,Étoile du Sahel,tunisia,2018
Saîf-Eddine Khaoui,tunisia,FW,1995-04-27,23,5,Troyes,france,2018
Fakhreddine Ben Youssef,tunisia,FW,1991-06-23,26,39,Al-Ettifaq,saudi arabia,2018
Anice Badri,tunisia,MF,1990-09-18,27,7,Espérance,tunisia,2018
Wahbi Khazri,tunisia,FW,1991-02-08,27,35,Rennes,france,2018
Dylan Bronn,tunisia,DF,1995-06-19,22,5,Gent,belgium,2018
Ali Maâloul,tunisia,DF,1990-01-01,28,46,Al Ahly,egypt,2018
Ferjani Sassi,tunisia,MF,1992-03-18,26,39,Al-Nassr,saudi arabia,2018
Mohamed Amine Ben Amor,tunisia,MF,1992-05-03,26,26,Al-Ahli,saudi arabia,2018
Ahmed Khalil,tunisia,FW,1994-12-21,23,3,Club Africain,tunisia,2018
Aymen Mathlouthi,tunisia,GK,1984-09-14,33,70,Al-Batin,saudi arabia,2018
Ellyes Skhiri,tunisia,MF,1995-05-10,23,5,Montpellier,france,2018
Bassem Srarfi,tunisia,FW,1997-06-25,20,5,Nice,france,2018
Saber Khalifa,tunisia,FW,1986-10-14,31,44,Club Africain,tunisia,2018
Ghailene Chaalali,tunisia,FW,1994-02-28,24,6,Espérance,tunisia,2018
Hamdi Nagguez,tunisia,DF,1992-10-28,25,15,Zamalek,egypt,2018
Mouez Hassen,tunisia,GK,1995-03-05,23,3,Châteauroux,france,2018
Naïm Sliti,tunisia,FW,1992-07-27,25,17,Dijon,france,2018
David Ospina,colombia,GK,1988-08-31,29,86,Arsenal,england,2018
Cristián Zapata,colombia,DF,1986-09-30,31,55,Milan,italy,2018
Óscar Murillo,colombia,DF,1988-04-18,30,13,Pachuca,mexico,2018
Santiago Arias,colombia,DF,1992-01-13,26,41,PSV Eindhoven,netherlands,2018
Wílmar Barrios,colombia,MF,1993-10-16,24,10,Boca Juniors,argentina,2018
Carlos Sánchez,colombia,MF,1986-02-06,32,85,Espanyol,spain,2018
Carlos Bacca,colombia,FW,1986-09-08,31,45,Villarreal,spain,2018
Abel Aguilar,colombia,MF,1985-01-06,33,70,Deportivo Cali,colombia,2018
Radamel Falcao,colombia,FW,1986-02-10,32,73,Monaco,france,2018
James Rodríguez,colombia,MF,1991-07-12,26,63,Bayern Munich,germany,2018
Juan Cuadrado,colombia,MF,1988-05-26,30,70,Juventus,italy,2018
Camilo Vargas,colombia,GK,1989-03-09,29,5,Deportivo Cali,colombia,2018
Yerry Mina,colombia,DF,1994-09-23,23,12,Barcelona,spain,2018
Luis Muriel,colombia,FW,1991-04-16,27,18,Sevilla,spain,2018
Mateus Uribe,colombia,MF,1991-03-21,27,8,América,mexico,2018
Jefferson Lerma,colombia,MF,1994-10-25,23,5,Levante,spain,2018
Johan Mojica,colombia,DF,1992-08-21,25,4,Girona,spain,2018
Farid Díaz,colombia,DF,1983-07-20,34,13,Olimpia,paraguay,2018
Miguel Borja,colombia,FW,1993-01-26,25,7,Palmeiras,brazil,2018
Juan Fernando Quintero,colombia,MF,1993-01-18,25,15,River Plate,argentina,2018
José Izquierdo,colombia,FW,1992-07-07,25,5,Brighton & Hove Albion,england,2018
José Fernando Cuadrado,colombia,GK,1985-06-01,33,1,Once Caldas,colombia,2018
Dávinson Sánchez,colombia,DF,1996-06-12,22,9,Tottenham Hotspur,england,2018
Eiji Kawashima,japan,GK,1983-03-20,35,84,Metz,france,2018
Naomichi Ueda,japan,DF,1994-10-24,23,4,Kashima Antlers,japan,2018
Gen Shoji,japan,DF,1992-12-11,25,11,Kashima Antlers,japan,2018
Keisuke Honda,japan,MF,1986-06-13,32,95,Pachuca,mexico,2018
Yuto Nagatomo,japan,DF,1986-09-12,31,105,Galatasaray,turkey,2018
Wataru Endo,japan,DF,1993-02-09,25,12,Urawa Red Diamonds,japan,2018
Gaku Shibasaki,japan,MF,1992-05-28,26,18,Getafe,spain,2018
Genki Haraguchi,japan,MF,1991-05-09,27,33,Fortuna Düsseldorf,germany,2018
Shinji Okazaki,japan,FW,1986-04-16,32,113,Leicester City,england,2018
Shinji Kagawa,japan,MF,1989-03-17,29,92,Borussia Dortmund,germany,2018
Takashi Usami,japan,MF,1992-05-06,26,24,Fortuna Düsseldorf,germany,2018
Masaaki Higashiguchi,japan,GK,1986-05-12,32,5,Gamba Osaka,japan,2018
Yoshinori Muto,japan,FW,1992-07-15,25,24,Mainz 05,germany,2018
Takashi Inui,japan,MF,1988-06-02,30,27,Eibar,spain,2018
Yuya Osako,japan,FW,1990-05-18,28,29,1. FC Köln,germany,2018
Hotaru Yamaguchi,japan,MF,1990-10-06,27,42,Cerezo Osaka,japan,2018
Makoto Hasebe,japan,MF,1984-01-18,34,110,Eintracht Frankfurt,germany,2018
Ryota Oshima,japan,MF,1993-01-23,25,5,Kawasaki Frontale,japan,2018
Hiroki Sakai,japan,DF,1990-04-12,28,43,Marseille,france,2018
Tomoaki Makino,japan,DF,1987-05-11,31,32,Urawa Red Diamonds,japan,2018
Gōtoku Sakai,japan,DF,1991-03-14,27,41,Hamburger SV,germany,2018
Maya Yoshida,japan,DF,1988-08-24,29,82,Southampton,england,2018
Kosuke Nakamura,japan,GK,1995-02-27,23,4,Kashiwa Reysol,japan,2018
Wojciech Szczęsny,poland,GK,1990-04-18,28,35,Juventus,italy,2018
Michał Pazdan,poland,DF,1987-09-21,30,33,Legia Warsaw,poland,2018
Artur Jędrzejczyk,poland,DF,1987-11-04,30,36,Legia Warsaw,poland,2018
Thiago Cionek,poland,DF,1986-04-21,32,19,SPAL,italy,2018
Jan Bednarek,poland,DF,1996-04-12,22,3,Southampton,england,2018
Jacek Góralski,poland,MF,1992-09-21,25,5,Ludogorets Razgrad,bulgaria,2018
Arkadiusz Milik,poland,FW,1994-02-28,24,40,Napoli,italy,2018
Karol Linetty,poland,MF,1995-02-02,23,20,Sampdoria,italy,2018
Robert Lewandowski,poland,FW,1988-08-21,29,95,Bayern Munich,germany,2018
Grzegorz Krychowiak,poland,MF,1990-01-29,28,51,West Bromwich Albion,england,2018
Kamil Grosicki,poland,MF,1988-06-08,30,57,Hull City,england,2018
Bartosz Białkowski,poland,GK,1987-07-06,30,1,Ipswich Town,england,2018
Maciej Rybus,poland,MF,1989-08-19,28,51,Lokomotiv Moscow,russia,2018
Łukasz Teodorczyk,poland,FW,1991-06-03,27,17,Anderlecht,belgium,2018
Kamil Glik,poland,DF,1988-02-03,30,57,Monaco,france,2018
Jakub Błaszczykowski,poland,MF,1985-12-14,32,99,VfL Wolfsburg,germany,2018
Sławomir Peszko,poland,MF,1985-02-19,33,43,Lechia Gdańsk,poland,2018
Bartosz Bereszyński,poland,DF,1992-07-12,25,8,Sampdoria,italy,2018
Piotr Zieliński,poland,MF,1994-05-20,24,33,Napoli,italy,2018
Łukasz Piszczek,poland,DF,1985-06-03,33,63,Borussia Dortmund,germany,2018
Rafał Kurzawa,poland,MF,1993-01-29,25,3,Górnik Zabrze,poland,2018
Łukasz Fabiański,poland,GK,1985-04-18,33,45,Swansea City,wales,2018
Dawid Kownacki,poland,FW,1997-03-14,21,2,Sampdoria,italy,2018
Abdoulaye Diallo,senegal,GK,1992-03-30,26,17,Rennes,france,2018
Adama Mbengue,senegal,DF,1993-12-01,24,6,Caen,france,2018
Kalidou Koulibaly,senegal,DF,1991-06-20,26,26,Napoli,italy,2018
Kara Mbodji,senegal,DF,1989-11-22,28,52,Anderlecht,belgium,2018
Idrissa Gueye,senegal,MF,1989-09-26,28,61,Everton,england,2018
Salif Sané,senegal,MF,1990-08-25,27,22,Hannover 96,germany,2018
Moussa Sow,senegal,FW,1986-01-19,32,51,Bursaspor,turkey,2018
Cheikhou Kouyaté,senegal,MF,1989-12-21,28,48,West Ham United,england,2018
Mame Biram Diouf,senegal,FW,1987-12-16,30,49,Stoke City,england,2018
Sadio Mané,senegal,FW,1992-04-10,26,53,Liverpool,england,2018
Cheikh N'Doye,senegal,MF,1986-03-29,32,26,Birmingham City,england,2018
Youssouf Sabaly,senegal,DF,1993-03-05,25,5,Bordeaux,france,2018
Alfred N'Diaye,senegal,MF,1990-03-06,28,21,Wolverhampton Wanderers,england,2018
Moussa Konaté,senegal,FW,1993-04-03,25,28,Amiens,france,2018
Diafra Sakho,senegal,FW,1989-12-24,28,12,Rennes,france,2018
Khadim N'Diaye,senegal,GK,1985-04-05,33,26,Horoya,papua new guinea,2018
Badou Ndiaye,senegal,MF,1990-10-27,27,20,Stoke City,england,2018
Ismaïla Sarr,senegal,FW,1998-02-25,20,16,Rennes,france,2018
M'Baye Niang,senegal,FW,1994-12-19,23,7,Torino,italy,2018
Keita Baldé,senegal,FW,1995-03-08,23,19,Monaco,france,2018
Lamine Gassama,senegal,DF,1989-10-20,28,36,Alanyaspor,turkey,2018
Moussa Wagué,senegal,DF,1998-10-04,19,10,Eupen,belgium,2018
Alfred Gomis,senegal,GK,1993-09-05,24,1,SPAL,italy,2018
